ID,FirstName,LastName,Age,City,Occupation,Salary,Email
1,John,Doe,34,New York,Software Engineer,85000,john.doe@example.com
2,Jane,Smith,28,Los Angeles,Graphic Designer,65000,jane.smith@example.com
3,Michael,Chen,45,Chicago,Data Scientist,95000,michael.chen@example.com
4,Emily,Davis,19,Houston,Student,25000,emily.davis@example.com
5,David,Wilson,52,Phoenix,Project Manager,105000,david.wilson@example.com
6,Sarah,Johnson,31,Philadelphia,Marketing Specialist,72000,sarah.johnson@example.com
7,James,Brown,27,San Antonio,Web Developer,78000,james.brown@example.com
8,Lisa,Taylor,39,San Diego,HR Manager,88000,lisa.taylor@example.com
9,Robert,Martinez,42,Dallas,Accountant,82000,robert.martinez@example.com
10,Mary,Anderson,25,San Jose,Teacher,60000,mary.anderson@example.com
11,William,Thomas,36,Austin,Mechanical Engineer,90000,william.thomas@example.com
12,Jennifer,Lee,30,Jacksonville,Financial Analyst,87000,jennifer.lee@example.com
13,Thomas,White,47,San Francisco,Product Manager,110000,thomas.white@example.com
14,Linda,Harris,29,Columbus,Nurse,68000,linda.harris@example.com
15,Charles,Clark,33,Indianapolis,Systems Analyst,82000,charles.clark@example.com
16,Patricia,Lewis,41,Seattle,Operations Manager,95000,patricia.lewis@example.com
17,Christopher,Walker,26,Denver,Content Writer,55000,christopher.walker@example.com
18,Barbara,Hall,50,Washington,Consultant,100000,barbara.hall@example.com
19,Daniel,Young,38,Boston,Civil Engineer,92000,daniel.young@example.com
20,Susan,Allen,32,Nashville,Marketing Coordinator,67000,susan.allen@example.com
21,Joseph,King,44,Portland,Software Developer,98000,joseph.king@example.com
22,Nancy,Wright,23,Las Vegas,Barista,32000,nancy.wright@example.com
23,Steven,Scott,35,Atlanta,Data Analyst,85000,steven.scott@example.com
24,Karen,Green,40,Charlotte,HR Specialist,78000,karen.green@example.com
25,Paul,Adams,29,Miami,UX Designer,75000,paul.adams@example.com
26,Elizabeth,Baker,46,Minneapolis,School Principal,102000,elizabeth.baker@example.com
27,Mark,Gonzalez,31,Orlando,Sales Manager,82000,mark.gonzalez@example.com
28,Donna,Nelson,37,St. Louis,Registered Nurse,71000,donna.nelson@example.com
29,George,Carter,43,Pittsburgh,Architect,94000,george.carter@example.com
30,Laura,Mitchell,28,Tampa,Copywriter,62000,laura.mitchell@example.com
31,Richard,Perez,39,Sacramento,IT Consultant,97000,richard.perez@example.com
32,Deborah,Roberts,34,Cincinnati,Business Analyst,86000,deborah.roberts@example.com
33,Kenneth,Turner,41,Cleveland,Operations Analyst,83000,kenneth.turner@example.com
34,Amanda,Phillips,30,Kansas City,Event Planner,65000,amanda.phillips@example.com
35,Joshua,Campbell,27,Richmond,Graphic Artist,60000,joshua.campbell@example.com
36,Rebecca,Parker,45,Albuquerque,Attorney,115000,rebecca.parker@example.com
37,Edward,Evans,33,Omaha,Network Administrator,79000,edward.evans@example.com
38,Michelle,Edwards,29,Memphis,Teacher Assistant,52000,michelle.edwards@example.com
39,Brian,Collins,36,Louisville,Mechanical Technician,74000,brian.collins@example.com
40,Cynthia,Stewart,42,Raleigh,Product Designer,91000,cynthia.stewart@example.com
41,Patrick,Morris,31,Fresno,Sales Representative,68000,patrick.morris@example.com
42,Angela,Rogers,38,Tucson,Office Manager,70000,angela.rogers@example.com
43,Jonathan,Reed,26,Oakland,Freelance Writer,54000,jonathan.reed@example.com
44,Shirley,Cook,50,Milwaukee,Consultant,99000,shirley.cook@example.com
45,Timothy,Bell,35,Arlington,DevOps Engineer,96000,timothy.bell@example.com
46,Heather,Bailey,28,Virginia Beach,Social Media Manager,64000,heather.bailey@example.com
47,Larry,Russell,44,Colorado Springs,Construction Manager,93000,larry.russell@example.com
48,Diane,Price,32,Mesa,Account Manager,76000,diane.price@example.com
49,Ronald,Ward,39,Long Beach,Database Administrator,88000,ronald.ward@example.com
50,Carolyn,Brooks,25,Honolulu,Receptionist,48000,carolyn.brooks@example.com
51,Andrew,Hill,37,New Orleans,Software Tester,81000,andrew.hill@example.com
52,Margaret,Cooper,29,Detroit,Marketing Assistant,59000,margaret.cooper@example.com
53,Raymond,Hughes,46,Baltimore,Financial Advisor,105000,raymond.hughes@example.com
54,Sharon,Richardson,33,Madison,Pharmacist,98000,sharon.richardson@example.com
55,Gregory,Cox,40,Oklahoma City,Logistics Coordinator,72000,gregory.cox@example.com
56,Janet,Howard,27,Providence,Content Creator,57000,janet.howard@example.com
57,Philip,Murphy,44,Anchorage,Structural Engineer,94000,philip.murphy@example.com
58,Brenda,Gray,31,Salt Lake City,HR Coordinator,66000,brenda.gray@example.com
59,Walter,Barnes,38,Des Moines,Network Engineer,87000,walter.barnes@example.com
60,Catherine,Foster,29,Boise,Copy Editor,61000,catherine.foster@example.com
61,Scott,Price,45,Little Rock,Chief Accountant,100000,scott.price@example.com
62,Virginia,Long,34,Birmingham,Interior Designer,74000,virginia.long@example.com
63,Jeffrey,Bennett,28,Sioux Falls,Web Designer,69000,jeffrey.bennett@example.com
64,Frances,Perry,41,Fargo,Operations Director,108000,frances.perry@example.com
65,Jack,Watson,36,Burlington,Software Architect,112000,jack.watson@example.com
66,Ann,Stone,30,Manchester,Event Coordinator,65000,ann.stone@example.com
67,Jerry,Henderson,39,Billings,Systems Engineer,92000,jerry.henderson@example.com
68,Joan,Mills,27,Charleston,Freelance Illustrator,58000,joan.mills@example.com
69,Bruce,Graham,43,Cheyenne,Construction Supervisor,95000,bruce.graham@example.com
70,Lillian,Ross,32,Jackson,Office Administrator,67000,lillian.ross@example.com
71,Arthur,Simmons,48,Wilmington,Financial Planner,103000,arthur.simmons@example.com
72,Judith,Hudson,29,Hartford,Marketing Analyst,71000,judith.hudson@example.com
73,Henry,Fisher,35,Columbia,Database Analyst,86000,henry.fisher@example.com
74,Teresa,Reynolds,41,Lincoln,HR Director,99000,teresa.reynolds@example.com
75,Roger,Hunt,33,Topeka,IT Specialist,82000,roger.hunt@example.com
76,Christine,Daniels,28,Lansing,Social Worker,62000,christine.daniels@example.com
77,Frank,Gibson,46,Augusta,Project Coordinator,90000,frank.gibson@example.com
78,Gloria,Webb,30,Salem,Content Strategist,68000,gloria.webb@example.com
79,Wayne,Morgan,39,Concord,Network Analyst,85000,wayne.morgan@example.com
80,Marilyn,Dean,27,Albany,Graphic Designer,63000,marilyn.dean@example.com
81,Harold,Owens,44,Trenton,Engineering Manager,104000,harold.owens@example.com
82,Kathryn,Hart,31,Helena,Administrative Assistant,55000,kathryn.hart@example.com
83,Ralph,Gonzales,38,Montpelier,Data Engineer,93000,ralph.gonzales@example.com
84,Alice,West,29,Frankfort,Copywriter,60000,alice.west@example.com
85,Carl,Holmes,47,Jefferson City,Finance Manager,107000,carl.holmes@example.com
86,Jessica,Henry,33,Dover,Marketing Director,98000,jessica.henry@example.com
87,Victor,Chapman,40,Santa Fe,Software Developer,96000,victor.chapman@example.com
88,Mildred,Hicks,28,Olympia,Event Manager,67000,mildred.hicks@example.com
89,Eugene,Knight,36,Boise,Systems Administrator,88000,eugene.knight@example.com
90,Frances,Palmer,42,Richmond,Consultant,102000,frances.palmer@example.com
91,Billy,Armstrong,31,Providence,Sales Associate,65000,billy.armstrong@example.com
92,Debra,Ray,29,Nashville,Content Editor,61000,debra.ray@example.com
93,Albert,Lynch,45,Atlanta,Chief Engineer,110000,albert.lynch@example.com
94,Marie,Ford,34,Charlotte,HR Analyst,74000,marie.ford@example.com
95,Keith,Weaver,39,Miami,Network Specialist,89000,keith.weaver@example.com
96,Jane,Crawford,27,Minneapolis,Freelance Designer,59000,jane.crawford@example.com
97,Louis,Hansen,44,Orlando,Operations Supervisor,94000,louis.hansen@example.com
98,Evelyn,Snyder,32,St. Louis,Teacher,62000,evelyn.snyder@example.com
99,Ernest,Lawrence,41,Pittsburgh,Data Scientist,97000,ernest.lawrence@example.com
100,Stephanie,Black,28,Tampa,Marketing Specialist,68000,stephanie.black@example.com